rank	motif_DB	motif_ID	motif_alt_ID	consensus	p-value	adj_p-value	E-value	tests	FASTA_max	pos	neg	PWM_min	TP	%TP	FP	%FP
1	/lustre/fs4/risc_lab/store/jyeung/references/motif_databases/HOCOMOCOv11_core_HUMAN_mono_meme_format.meme	NFYC_HUMAN.H11MO.0.A		BBRRCCAATCAGMR	5.96e-216	1.46e-211	5.86e-209	24547	11893	11893	107669	5.47	1334	11.22	4208	3.91
2	/lustre/fs4/risc_lab/store/jyeung/references/motif_databases/HOCOMOCOv11_core_HUMAN_mono_meme_format.meme	ZN418_HUMAN.H11MO.0.C		TGCTTYTRGCYTCTKVY	7.52e-184	4.93e-179	1.97e-176	65504	11893	11893	107669	9.07	1592	13.39	6161	5.72
3	/lustre/fs4/risc_lab/store/jyeung/references/motif_databases/HOCOMOCOv11_core_HUMAN_mono_meme_format.meme	NFYB_HUMAN.H11MO.0.A		YRRCCAATSAGMR	1.18e-180	2.15e-176	8.62e-174	18286	11893	11893	107669	4.42	1647	13.85	6551	6.08
4	/lustre/fs4/risc_lab/store/jyeung/references/motif_databases/HOCOMOCOv11_core_HUMAN_mono_meme_format.meme	NFYA_HUMAN.H11MO.0.A		BYRRCCAATCAGAR	2.44e-174	4.71e-170	1.89e-167	19289	11893	11893	107669	5.24	1486	12.49	5689	5.28
5	/lustre/fs4/risc_lab/store/jyeung/references/motif_databases/HOCOMOCOv11_core_HUMAN_mono_meme_format.meme	FOXP1_HUMAN.H11MO.0.A		TBTGTTTMY	5.16e-145	4.98e-140	2.00e-137	96500	11893	11893	107669	6.18	1882	15.82	8792	8.17
6	/lustre/fs4/risc_lab/store/jyeung/references/motif_databases/HOCOMOCOv11_core_HUMAN_mono_meme_format.meme	TAL1_HUMAN.H11MO.0.A		CTGSNVVSBRSWGATAAGV	3.18e-131	8.51e-127	3.41e-124	26762	11893	11893	107669	8.21	1093	9.19	4097	3.81
7	/lustre/fs4/risc_lab/store/jyeung/references/motif_databases/HOCOMOCOv11_core_HUMAN_mono_meme_format.meme	ZBT14_HUMAN.H11MO.0.C		GGAGCGCGC	1.95e-118	1.93e-114	7.75e-112	9914	11893	11893	107669	2.64	1022	8.59	3898	3.62
8	/lustre/fs4/risc_lab/store/jyeung/references/motif_databases/HOCOMOCOv11_core_HUMAN_mono_meme_format.meme	SP1_HUMAN.H11MO.0.A		VGGGGGCGGGGCCKGGGGGGGG	5.85e-114	2.11e-109	8.46e-107	36103	11893	11893	107669	1.36	4464	37.53	29516	27.41
9	/lustre/fs4/risc_lab/store/jyeung/references/motif_databases/HOCOMOCOv11_core_HUMAN_mono_meme_format.meme	GATA1_HUMAN.H11MO.0.A		STGBNNNDNVSAGATAAGV	3.26e-112	1.20e-107	4.81e-105	36850	11893	11893	107669	7.03	1194	10.04	5060	4.70
10	/lustre/fs4/risc_lab/store/jyeung/references/motif_databases/HOCOMOCOv11_core_HUMAN_mono_meme_format.meme	FOXI1_HUMAN.H11MO.0.B		YTBTGATTGGYY	2.01e-109	2.25e-105	9.04e-103	11202	11893	11893	107669	6	1144	9.62	4805	4.46
11	/lustre/fs4/risc_lab/store/jyeung/references/motif_databases/HOCOMOCOv11_core_HUMAN_mono_meme_format.meme	MBD2_HUMAN.H11MO.0.B		SSGKCCGGMGR	3.41e-107	6.36e-103	2.55e-100	18653	11893	11893	107669	5.49	752	6.32	2539	2.36
12	/lustre/fs4/risc_lab/store/jyeung/references/motif_databases/HOCOMOCOv11_core_HUMAN_mono_meme_format.meme	JUN_HUMAN.H11MO.0.A		DRTGAGTCAYH	4.96e-106	1.51e-101	6.07e-99	30496	11893	11893	107669	32.8	429	3.61	949	0.88
13	/lustre/fs4/risc_lab/store/jyeung/references/motif_databases/HOCOMOCOv11_core_HUMAN_mono_meme_format.meme	NFAC2_HUMAN.H11MO.0.B		TGGAAAAWY	1.98e-100	1.40e-95	5.61e-93	70621	11893	11893	107669	8.96	930	7.82	3672	3.41
14	/lustre/fs4/risc_lab/store/jyeung/references/motif_databases/HOCOMOCOv11_core_HUMAN_mono_meme_format.meme	FOXC1_HUMAN.H11MO.0.C		CDWTGTTTACTTWRG	1.69e-99	2.79e-95	1.12e-92	16537	11893	11893	107669	424	116	0.98	14	0.01
15	/lustre/fs4/risc_lab/store/jyeung/references/motif_databases/HOCOMOCOv11_core_HUMAN_mono_meme_format.meme	RARA_HUMAN.H11MO.0.A		GGRRGRTSMRRAGKTCAAGG	1.52e-96	1.07e-91	4.28e-89	70229	11893	11893	107669	38.5	1355	11.39	6456	6.00
16	/lustre/fs4/risc_lab/store/jyeung/references/motif_databases/HOCOMOCOv11_core_HUMAN_mono_meme_format.meme	GATA6_HUMAN.H11MO.0.A		DVAGATAAGAWAA	1.62e-95	5.46e-91	2.19e-88	33685	11893	11893	107669	7.35	1301	10.94	6123	5.69
17	/lustre/fs4/risc_lab/store/jyeung/references/motif_databases/HOCOMOCOv11_core_HUMAN_mono_meme_format.meme	JUND_HUMAN.H11MO.0.A		RRTGAGTCAYY	3.66e-95	1.21e-90	4.86e-88	33113	11893	11893	107669	35.6	329	2.77	621	0.58
18	/lustre/fs4/risc_lab/store/jyeung/references/motif_databases/HOCOMOCOv11_core_HUMAN_mono_meme_format.meme	TYY1_HUMAN.H11MO.0.A		CAARATGGCGGC	1.23e-93	1.94e-89	7.76e-87	15747	11893	11893	107669	28.1	523	4.40	1513	1.41
19	/lustre/fs4/risc_lab/store/jyeung/references/motif_databases/HOCOMOCOv11_core_HUMAN_mono_meme_format.meme	IRF7_HUMAN.H11MO.0.C		GAAASYGAAA	1.07e-92	8.37e-88	3.35e-85	77940	11893	11893	107669	1.16	8244	69.32	64419	59.83
20	/lustre/fs4/risc_lab/store/jyeung/references/motif_databases/HOCOMOCOv11_core_HUMAN_mono_meme_format.meme	SRY_HUMAN.H11MO.0.B		YWTTGTTTH	1.19e-91	1.03e-86	4.15e-84	87154	11893	11893	107669	4.08	3768	31.68	24850	23.08
21	/lustre/fs4/risc_lab/store/jyeung/references/motif_databases/HOCOMOCOv11_core_HUMAN_mono_meme_format.meme	SP2_HUMAN.H11MO.0.A		GGSSVGGGGGCGGGGCCDGSGS	4.89e-90	3.47e-85	1.39e-82	71085	11893	11893	107669	8.07	4294	36.11	29268	27.18
22	/lustre/fs4/risc_lab/store/jyeung/references/motif_databases/HOCOMOCOv11_core_HUMAN_mono_meme_format.meme	FOSL2_HUMAN.H11MO.0.A		NDRTGAGTCAYH	5.28e-89	1.49e-84	5.98e-82	28288	11893	11893	107669	57.2	272	2.29	446	0.41
23	/lustre/fs4/risc_lab/store/jyeung/references/motif_databases/HOCOMOCOv11_core_HUMAN_mono_meme_format.meme	MECP2_HUMAN.H11MO.0.C		SCCGGRR	1.25e-88	4.36e-84	1.75e-81	34805	11893	11893	107669	1.78	2388	20.08	14112	13.11
24	/lustre/fs4/risc_lab/store/jyeung/references/motif_databases/HOCOMOCOv11_core_HUMAN_mono_meme_format.meme	GATA4_HUMAN.H11MO.0.A		DSAGATAAGA	1.04e-88	4.58e-84	1.84e-81	43847	11893	11893	107669	6.08	1199	10.08	5617	5.22
25	/lustre/fs4/risc_lab/store/jyeung/references/motif_databases/HOCOMOCOv11_core_HUMAN_mono_meme_format.meme	CUX1_HUMAN.H11MO.0.C		RBRSBDATCGATSK	5.44e-88	4.96e-84	1.99e-81	9117	11893	11893	107669	1.03	1461	12.28	7403	6.88
26	/lustre/fs4/risc_lab/store/jyeung/references/motif_databases/HOCOMOCOv11_core_HUMAN_mono_meme_format.meme	PAX6_HUMAN.H11MO.0.C		TYMYGCTTSABT	1.35e-88	5.25e-84	2.10e-81	38882	11893	11893	107669	5.41	523	4.40	1574	1.46
27	/lustre/fs4/risc_lab/store/jyeung/references/motif_databases/HOCOMOCOv11_core_HUMAN_mono_meme_format.meme	ARI5B_HUMAN.H11MO.0.C		DBYKDGTATTSKR	5.14e-88	2.11e-83	8.45e-81	40975	11893	11893	107669	2.83	1059	8.90	4724	4.39
28	/lustre/fs4/risc_lab/store/jyeung/references/motif_databases/HOCOMOCOv11_core_HUMAN_mono_meme_format.meme	HXB13_HUMAN.H11MO.0.A		TTTTATDGSH	1.12e-83	5.23e-79	2.10e-76	46914	11893	11893	107669	4.05	1520	12.78	7939	7.37
29	/lustre/fs4/risc_lab/store/jyeung/references/motif_databases/HOCOMOCOv11_core_HUMAN_mono_meme_format.meme	NF2L1_HUMAN.H11MO.0.C		HGTCATN	1.98e-82	7.98e-78	3.20e-75	40269	11893	11893	107669	1.77	1251	10.52	6124	5.69
30	/lustre/fs4/risc_lab/store/jyeung/references/motif_databases/HOCOMOCOv11_core_HUMAN_mono_meme_format.meme	TCF7_HUMAN.H11MO.0.A		RMMMACATCAAAGGVA	1.31e-79	8.98e-75	3.60e-72	68733	11893	11893	107669	8	1019	8.57	4660	4.33
31	/lustre/fs4/risc_lab/store/jyeung/references/motif_databases/HOCOMOCOv11_core_HUMAN_mono_meme_format.meme	FOXP2_HUMAN.H11MO.0.C		BTGTTTACH	1.61e-78	9.04e-74	3.62e-71	56285	11893	11893	107669	2.33	2742	23.06	17261	16.03
32	/lustre/fs4/risc_lab/store/jyeung/references/motif_databases/HOCOMOCOv11_core_HUMAN_mono_meme_format.meme	GATA2_HUMAN.H11MO.0.A		STGBNNNNNDVAGATAAGR	7.99e-78	3.05e-73	1.22e-70	38152	11893	11893	107669	2.92	2473	20.79	15200	14.12
33	/lustre/fs4/risc_lab/store/jyeung/references/motif_databases/HOCOMOCOv11_core_HUMAN_mono_meme_format.meme	PAX5_HUMAN.H11MO.0.A		SCSKGGGCARCVRAGCGWGAC	2.95e-77	1.73e-72	6.95e-70	58706	11893	11893	107669	9.47e+03	690	5.80	2667	2.48
34	/lustre/fs4/risc_lab/store/jyeung/references/motif_databases/HOCOMOCOv11_core_HUMAN_mono_meme_format.meme	RUNX3_HUMAN.H11MO.0.A		BYTGTGGTTW	8.51e-75	3.59e-70	1.44e-67	42246	11893	11893	107669	21.6	347	2.92	869	0.81
35	/lustre/fs4/risc_lab/store/jyeung/references/motif_databases/HOCOMOCOv11_core_HUMAN_mono_meme_format.meme	ZN329_HUMAN.H11MO.0.C		CTGGATCMAGCCRTRCCTGA	3.35e-73	1.08e-69	4.34e-67	3229	11893	11893	107669	2.02	545	4.58	1904	1.77
36	/lustre/fs4/risc_lab/store/jyeung/references/motif_databases/HOCOMOCOv11_core_HUMAN_mono_meme_format.meme	NFAC1_HUMAN.H11MO.0.B		AWGGAAARWVWGAMW	3.90e-74	4.09e-69	1.64e-66	104870	11893	11893	107669	66.7	322	2.71	762	0.71
37	/lustre/fs4/risc_lab/store/jyeung/references/motif_databases/HOCOMOCOv11_core_HUMAN_mono_meme_format.meme	LEF1_HUMAN.H11MO.0.A		BCCTTTSWWNTBYH	9.71e-73	1.06e-67	4.25e-65	109240	11893	11893	107669	5.36	2356	19.81	14517	13.48
38	/lustre/fs4/risc_lab/store/jyeung/references/motif_databases/HOCOMOCOv11_core_HUMAN_mono_meme_format.meme	TFDP1_HUMAN.H11MO.0.C		RRRRGGCGGGAARN	4.68e-71	2.98e-66	1.19e-63	63510	11893	11893	107669	6.63	1201	10.10	6099	5.66
39	/lustre/fs4/risc_lab/store/jyeung/references/motif_databases/HOCOMOCOv11_core_HUMAN_mono_meme_format.meme	HXA13_HUMAN.H11MO.0.C		GDTTTTATTGG	1.88e-69	6.52e-65	2.61e-62	34648	11893	11893	107669	2.92	1429	12.02	7744	7.19
40	/lustre/fs4/risc_lab/store/jyeung/references/motif_databases/HOCOMOCOv11_core_HUMAN_mono_meme_format.meme	ZNF85_HUMAN.H11MO.0.C		AWAGAARWCTGMWGKAATCT	2.83e-69	7.21e-65	2.89e-62	25494	11893	11893	107669	3.05	1618	13.60	9112	8.46
41	/lustre/fs4/risc_lab/store/jyeung/references/motif_databases/HOCOMOCOv11_core_HUMAN_mono_meme_format.meme	NFAC4_HUMAN.H11MO.0.C		WGGAAAAYTW	2.41e-69	1.80e-64	7.20e-62	74406	11893	11893	107669	3.72	2699	22.69	17350	16.11
42	/lustre/fs4/risc_lab/store/jyeung/references/motif_databases/HOCOMOCOv11_core_HUMAN_mono_meme_format.meme	JUNB_HUMAN.H11MO.0.A		DVTGAGTCABH	2.56e-68	1.00e-63	4.02e-61	39209	11893	11893	107669	15.9	600	5.04	2298	2.13
43	/lustre/fs4/risc_lab/store/jyeung/references/motif_databases/HOCOMOCOv11_core_HUMAN_mono_meme_format.meme	THAP1_HUMAN.H11MO.0.C		SGCCGCCATSTYGGSYBCGGGC	6.03e-68	2.72e-63	1.09e-60	45167	11893	11893	107669	6.75	1507	12.67	8354	7.76
44	/lustre/fs4/risc_lab/store/jyeung/references/motif_databases/HOCOMOCOv11_core_HUMAN_mono_meme_format.meme	FOXO3_HUMAN.H11MO.0.B		BYTGTTTACH	6.32e-68	3.28e-63	1.32e-60	51982	11893	11893	107669	2.88	2392	20.11	15010	13.94
45	/lustre/fs4/risc_lab/store/jyeung/references/motif_databases/HOCOMOCOv11_core_HUMAN_mono_meme_format.meme	SMCA1_HUMAN.H11MO.0.C		CMARGAAGMATD	1.74e-67	1.56e-62	6.24e-60	89425	11893	11893	107669	3.05	4148	34.88	29300	27.21
46	/lustre/fs4/risc_lab/store/jyeung/references/motif_databases/HOCOMOCOv11_core_HUMAN_mono_meme_format.meme	FEV_HUMAN.H11MO.0.B		GCVGGAAGYG	7.06e-64	6.87e-59	2.76e-56	97366	11893	11893	107669	2.42	2025	17.03	12363	11.48
47	/lustre/fs4/risc_lab/store/jyeung/references/motif_databases/HOCOMOCOv11_core_HUMAN_mono_meme_format.meme	OVOL1_HUMAN.H11MO.0.C		KGTAACKGT	1.36e-62	2.95e-58	1.18e-55	21666	11893	11893	107669	12.3	194	1.63	326	0.30
48	/lustre/fs4/risc_lab/store/jyeung/references/motif_databases/HOCOMOCOv11_core_HUMAN_mono_meme_format.meme	KLF4_HUMAN.H11MO.0.A		WGGGYGKGGC	9.99e-63	6.28e-58	2.52e-55	62885	11893	11893	107669	27.6	451	3.79	1544	1.43
49	/lustre/fs4/risc_lab/store/jyeung/references/motif_databases/HOCOMOCOv11_core_HUMAN_mono_meme_format.meme	E2F7_HUMAN.H11MO.0.B		GDGGCGGGAARDR	1.30e-62	1.22e-57	4.91e-55	94237	11893	11893	107669	6.8	1755	14.76	10376	9.64
50	/lustre/fs4/risc_lab/store/jyeung/references/motif_databases/HOCOMOCOv11_core_HUMAN_mono_meme_format.meme	RUNX1_HUMAN.H11MO.0.A		BYTGTGGTTWB	3.13e-62	1.44e-57	5.76e-55	45810	11893	11893	107669	32.6	248	2.09	544	0.51
51	/lustre/fs4/risc_lab/store/jyeung/references/motif_databases/HOCOMOCOv11_core_HUMAN_mono_meme_format.meme	HXC9_HUMAN.H11MO.0.C		WTTTATKGCH	6.96e-62	2.64e-57	1.06e-54	37950	11893	11893	107669	2.11	2304	19.37	14606	13.57
52	/lustre/fs4/risc_lab/store/jyeung/references/motif_databases/HOCOMOCOv11_core_HUMAN_mono_meme_format.meme	ZN281_HUMAN.H11MO.0.A		RGGWGGGGGAGGGGV	5.00e-62	3.31e-57	1.33e-54	66228	11893	11893	107669	325	509	4.28	1880	1.75
53	/lustre/fs4/risc_lab/store/jyeung/references/motif_databases/HOCOMOCOv11_core_HUMAN_mono_meme_format.meme	NFAC3_HUMAN.H11MO.0.B		TGGAAAAHY	4.23e-61	2.65e-56	1.06e-53	62691	11893	11893	107669	2.02	4193	35.26	30076	27.93
54	/lustre/fs4/risc_lab/store/jyeung/references/motif_databases/HOCOMOCOv11_core_HUMAN_mono_meme_format.meme	HXA1_HUMAN.H11MO.0.C		TKGATGGATG	2.19e-59	4.39e-55	1.76e-52	20072	11893	11893	107669	38.8	301	2.53	812	0.75
55	/lustre/fs4/risc_lab/store/jyeung/references/motif_databases/HOCOMOCOv11_core_HUMAN_mono_meme_format.meme	SMAD4_HUMAN.H11MO.0.B		CWGTCTGDCACCT	9.33e-60	6.35e-55	2.54e-52	68031	11893	11893	107669	35.4	233	1.96	501	0.47
56	/lustre/fs4/risc_lab/store/jyeung/references/motif_databases/HOCOMOCOv11_core_HUMAN_mono_meme_format.meme	CDX1_HUMAN.H11MO.0.C		HTTTATGD	2.65e-59	1.53e-54	6.13e-52	57729	11893	11893	107669	1.01	6517	54.80	50574	46.97
57	/lustre/fs4/risc_lab/store/jyeung/references/motif_databases/HOCOMOCOv11_core_HUMAN_mono_meme_format.meme	ZN214_HUMAN.H11MO.0.C		WCMWTYYTRWGSMHYTTGATGA	8.68e-59	2.97e-54	1.19e-51	34193	11893	11893	107669	3.78	1367	11.49	7665	7.12
58	/lustre/fs4/risc_lab/store/jyeung/references/motif_databases/HOCOMOCOv11_core_HUMAN_mono_meme_format.meme	FOSL1_HUMAN.H11MO.0.A		KRVTGAGTCAYH	7.27e-58	2.17e-53	8.70e-51	29859	11893	11893	107669	30.3	460	3.87	1670	1.55
59	/lustre/fs4/risc_lab/store/jyeung/references/motif_databases/HOCOMOCOv11_core_HUMAN_mono_meme_format.meme	TAF1_HUMAN.H11MO.0.A		RARRWGGCGGMGGMGR	2.88e-58	2.66e-53	1.07e-50	92113	11893	11893	107669	47.3	372	3.13	1183	1.10
60	/lustre/fs4/risc_lab/store/jyeung/references/motif_databases/HOCOMOCOv11_core_HUMAN_mono_meme_format.meme	FEZF1_HUMAN.H11MO.0.C		DYTGYYCTTTTH	9.63e-57	9.06e-52	3.63e-49	94141	11893	11893	107669	3.06	4234	35.60	30709	28.52
61	/lustre/fs4/risc_lab/store/jyeung/references/motif_databases/HOCOMOCOv11_core_HUMAN_mono_meme_format.meme	TF7L1_HUMAN.H11MO.0.B		DBBCTTTGAWSTB	1.96e-55	1.14e-50	4.58e-48	58192	11893	11893	107669	73.3	75	0.63	22	0.02
62	/lustre/fs4/risc_lab/store/jyeung/references/motif_databases/HOCOMOCOv11_core_HUMAN_mono_meme_format.meme	PATZ1_HUMAN.H11MO.0.C		GGGGMGGGGGMKGGRRVGGVRG	3.46e-54	3.21e-49	1.29e-46	92834	11893	11893	107669	2.85e+03	167	1.40	280	0.26
63	/lustre/fs4/risc_lab/store/jyeung/references/motif_databases/HOCOMOCOv11_core_HUMAN_mono_meme_format.meme	E2F5_HUMAN.H11MO.0.B		SGCGCSAAAH	8.50e-52	2.90e-48	1.16e-45	3413	11893	11893	107669	20.5	94	0.79	67	0.06
64	/lustre/fs4/risc_lab/store/jyeung/references/motif_databases/HOCOMOCOv11_core_HUMAN_mono_meme_format.meme	E2F4_HUMAN.H11MO.0.A		SRGGGCGGGAARD	1.47e-52	6.50e-48	2.61e-45	44242	11893	11893	107669	4.81	1664	13.99	10112	9.39
65	/lustre/fs4/risc_lab/store/jyeung/references/motif_databases/HOCOMOCOv11_core_HUMAN_mono_meme_format.meme	PEBB_HUMAN.H11MO.0.C		TYTGTGGTYWB	2.75e-52	1.54e-47	6.16e-45	55791	11893	11893	107669	9.22	573	4.82	2445	2.27
66	/lustre/fs4/risc_lab/store/jyeung/references/motif_databases/HOCOMOCOv11_core_HUMAN_mono_meme_format.meme	PO3F1_HUMAN.H11MO.0.C		VATKSWWATGCAAW	5.42e-52	1.94e-47	7.78e-45	35809	11893	11893	107669	16.5	276	2.32	773	0.72
67	/lustre/fs4/risc_lab/store/jyeung/references/motif_databases/HOCOMOCOv11_core_HUMAN_mono_meme_format.meme	E2F1_HUMAN.H11MO.0.A		RRNKGGCGGGAARR	4.30e-52	1.99e-47	7.98e-45	46242	11893	11893	107669	4.57	1496	12.58	8870	8.24
68	/lustre/fs4/risc_lab/store/jyeung/references/motif_databases/HOCOMOCOv11_core_HUMAN_mono_meme_format.meme	RUNX2_HUMAN.H11MO.0.A		KGKYTGTGGTTTKK	4.16e-52	2.92e-47	1.17e-44	70067	11893	11893	107669	48.4	229	1.93	551	0.51
69	/lustre/fs4/risc_lab/store/jyeung/references/motif_databases/HOCOMOCOv11_core_HUMAN_mono_meme_format.meme	BC11A_HUMAN.H11MO.0.A		RAAAGAGGAAGTGARAV	3.46e-51	3.76e-46	1.51e-43	108481	11893	11893	107669	26.5	1338	11.25	7737	7.19
70	/lustre/fs4/risc_lab/store/jyeung/references/motif_databases/HOCOMOCOv11_core_HUMAN_mono_meme_format.meme	ALX1_HUMAN.H11MO.0.B		RTAATTRVATTA	2.36e-50	6.36e-46	2.55e-43	26953	11893	11893	107669	68.6	84	0.71	49	0.05
71	/lustre/fs4/risc_lab/store/jyeung/references/motif_databases/HOCOMOCOv11_core_HUMAN_mono_meme_format.meme	KAISO_HUMAN.H11MO.0.A		SARRYCTCGCGAGAV	7.03e-49	3.36e-45	1.35e-42	4782	11893	11893	107669	1.35	624	5.25	2843	2.64
72	/lustre/fs4/risc_lab/store/jyeung/references/motif_databases/HOCOMOCOv11_core_HUMAN_mono_meme_format.meme	ATF1_HUMAN.H11MO.0.B		HRRTGACGYMA	3.02e-49	3.82e-45	1.53e-42	12660	11893	11893	107669	1.17	1433	12.05	8518	7.91
73	/lustre/fs4/risc_lab/store/jyeung/references/motif_databases/HOCOMOCOv11_core_HUMAN_mono_meme_format.meme	TF7L2_HUMAN.H11MO.0.A		BCCTTTGATSTBB	2.72e-48	1.13e-43	4.54e-41	41637	11893	11893	107669	2.63	1956	16.45	12557	11.66
74	/lustre/fs4/risc_lab/store/jyeung/references/motif_databases/HOCOMOCOv11_core_HUMAN_mono_meme_format.meme	MEF2B_HUMAN.H11MO.0.A		DKKKCTATTTTTRG	4.47e-48	3.50e-43	1.40e-40	78314	11893	11893	107669	11.6	2022	17.00	13084	12.15
75	/lustre/fs4/risc_lab/store/jyeung/references/motif_databases/HOCOMOCOv11_core_HUMAN_mono_meme_format.meme	HIF1A_HUMAN.H11MO.0.C		GDACGTGM	1.95e-46	2.59e-42	1.04e-39	13290	11893	11893	107669	1.13	1419	11.93	8532	7.92
76	/lustre/fs4/risc_lab/store/jyeung/references/motif_databases/HOCOMOCOv11_core_HUMAN_mono_meme_format.meme	MEF2D_HUMAN.H11MO.0.A		DKCTATTTTTAG	6.67e-47	3.73e-42	1.49e-39	55863	11893	11893	107669	15.4	1672	14.06	10429	9.69
77	/lustre/fs4/risc_lab/store/jyeung/references/motif_databases/HOCOMOCOv11_core_HUMAN_mono_meme_format.meme	NRF1_HUMAN.H11MO.0.A		CWSTGCGCATGCGCRDS	1.35e-45	8.77e-42	3.52e-39	6507	11893	11893	107669	662	62	0.52	19	0.02
78	/lustre/fs4/risc_lab/store/jyeung/references/motif_databases/HOCOMOCOv11_core_HUMAN_mono_meme_format.meme	HXB4_HUMAN.H11MO.0.B		YTAATGRC	7.99e-46	2.56e-41	1.03e-38	32056	11893	11893	107669	2.4	837	7.04	4347	4.04
79	/lustre/fs4/risc_lab/store/jyeung/references/motif_databases/HOCOMOCOv11_core_HUMAN_mono_meme_format.meme	PRDM1_HUMAN.H11MO.0.A		RAAAGTGAAAGTGR	1.74e-45	1.22e-40	4.91e-38	70179	11893	11893	107669	12.1	1498	12.60	9169	8.52
80	/lustre/fs4/risc_lab/store/jyeung/references/motif_databases/HOCOMOCOv11_core_HUMAN_mono_meme_format.meme	FOXO4_HUMAN.H11MO.0.C		TTGTTTAYK	3.17e-45	1.80e-40	7.20e-38	56579	11893	11893	107669	9.71	1208	10.16	7016	6.52
81	/lustre/fs4/risc_lab/store/jyeung/references/motif_databases/HOCOMOCOv11_core_HUMAN_mono_meme_format.meme	ZN350_HUMAN.H11MO.0.C		CAGYYYTTTTATDWCCHR	2.84e-45	2.55e-40	1.02e-37	89495	11893	11893	107669	7.44	1588	13.35	9863	9.16
82	/lustre/fs4/risc_lab/store/jyeung/references/motif_databases/HOCOMOCOv11_core_HUMAN_mono_meme_format.meme	ZFP82_HUMAN.H11MO.0.C		TTCCADTTCAYTAATTYTCTCTTC	6.89e-45	4.49e-40	1.80e-37	65183	11893	11893	107669	1.57e+04	47	0.40	2	0.00
83	/lustre/fs4/risc_lab/store/jyeung/references/motif_databases/HOCOMOCOv11_core_HUMAN_mono_meme_format.meme	FOSB_HUMAN.H11MO.0.A		RTGAGTCAB	4.93e-44	2.69e-39	1.08e-36	54598	11893	11893	107669	10.6	580	4.88	2677	2.49
84	/lustre/fs4/risc_lab/store/jyeung/references/motif_databases/HOCOMOCOv11_core_HUMAN_mono_meme_format.meme	BHE40_HUMAN.H11MO.0.A		DGCACGTGAS	1.72e-43	3.62e-39	1.45e-36	21044	11893	11893	107669	21.2	115	0.97	160	0.15
85	/lustre/fs4/risc_lab/store/jyeung/references/motif_databases/HOCOMOCOv11_core_HUMAN_mono_meme_format.meme	FOXK1_HUMAN.H11MO.0.A		TGTTTMCHTT	2.00e-43	1.80e-38	7.20e-36	89879	11893	11893	107669	4.11	1999	16.81	13150	12.21
86	/lustre/fs4/risc_lab/store/jyeung/references/motif_databases/HOCOMOCOv11_core_HUMAN_mono_meme_format.meme	ZBT48_HUMAN.H11MO.0.C		YHAGGGACCRKS	1.42e-42	8.28e-38	3.32e-35	58272	11893	11893	107669	11.5	136	1.14	240	0.22
87	/lustre/fs4/risc_lab/store/jyeung/references/motif_databases/HOCOMOCOv11_core_HUMAN_mono_meme_format.meme	SOX3_HUMAN.H11MO.0.B		BCCWTTGTBYB	1.08e-41	8.43e-37	3.38e-34	77848	11893	11893	107669	3.09	3515	29.56	25678	23.85
88	/lustre/fs4/risc_lab/store/jyeung/references/motif_databases/HOCOMOCOv11_core_HUMAN_mono_meme_format.meme	AIRE_HUMAN.H11MO.0.C		HTTGGWWWWAWTGGDTWH	5.13e-41	2.04e-36	8.18e-34	39728	11893	11893	107669	15.6	245	2.06	750	0.70
89	/lustre/fs4/risc_lab/store/jyeung/references/motif_databases/HOCOMOCOv11_core_HUMAN_mono_meme_format.meme	ATF3_HUMAN.H11MO.0.A		GGTSACGTGAB	1.68e-40	2.62e-36	1.05e-33	15620	11893	11893	107669	11.7	116	0.98	180	0.17
90	/lustre/fs4/risc_lab/store/jyeung/references/motif_databases/HOCOMOCOv11_core_HUMAN_mono_meme_format.meme	VDR_HUMAN.H11MO.0.A		RRGGTCABYGRGKTCA	6.55e-40	3.01e-35	1.21e-32	45875	11893	11893	107669	62	149	1.25	311	0.29
91	/lustre/fs4/risc_lab/store/jyeung/references/motif_databases/HOCOMOCOv11_core_HUMAN_mono_meme_format.meme	MEF2A_HUMAN.H11MO.0.A		DKCTATTTTTRGM	6.89e-40	4.89e-35	1.96e-32	71005	11893	11893	107669	12	1531	12.87	9685	9.00
92	/lustre/fs4/risc_lab/store/jyeung/references/motif_databases/HOCOMOCOv11_core_HUMAN_mono_meme_format.meme	STAT2_HUMAN.H11MO.0.A		RRGRAAAHGAAACTGAAAV	1.81e-39	1.27e-34	5.07e-32	69750	11893	11893	107669	161	594	4.99	2886	2.68
93	/lustre/fs4/risc_lab/store/jyeung/references/motif_databases/HOCOMOCOv11_core_HUMAN_mono_meme_format.meme	CDX2_HUMAN.H11MO.0.A		TTTTATTGCWBT	3.89e-39	1.42e-34	5.69e-32	36465	11893	11893	107669	2.05	2163	18.19	14703	13.66
94	/lustre/fs4/risc_lab/store/jyeung/references/motif_databases/HOCOMOCOv11_core_HUMAN_mono_meme_format.meme	ZIM3_HUMAN.H11MO.0.C		KTRGGTTTCTGTTKYYTKY	6.23e-39	1.48e-34	5.92e-32	23688	11893	11893	107669	573	124	1.04	219	0.20
95	/lustre/fs4/risc_lab/store/jyeung/references/motif_databases/HOCOMOCOv11_core_HUMAN_mono_meme_format.meme	SOX4_HUMAN.H11MO.0.B		BYCTTTGTYYYB	1.84e-39	1.75e-34	7.03e-32	95158	11893	11893	107669	6.75	2460	20.68	17084	15.87
96	/lustre/fs4/risc_lab/store/jyeung/references/motif_databases/HOCOMOCOv11_core_HUMAN_mono_meme_format.meme	GATA3_HUMAN.H11MO.0.A		RVAGATAAVAD	1.31e-38	1.09e-33	4.39e-31	83734	11893	11893	107669	1.6	7165	60.25	58185	54.04
97	/lustre/fs4/risc_lab/store/jyeung/references/motif_databases/HOCOMOCOv11_core_HUMAN_mono_meme_format.meme	TBP_HUMAN.H11MO.0.A		MTATAAAARS	2.48e-38	1.20e-33	4.82e-31	48330	11893	11893	107669	1.06	5197	43.70	40481	37.60
98	/lustre/fs4/risc_lab/store/jyeung/references/motif_databases/HOCOMOCOv11_core_HUMAN_mono_meme_format.meme	FOS_HUMAN.H11MO.0.A		VTGAGTCAB	5.20e-38	2.24e-33	8.99e-31	43140	11893	11893	107669	5.84	1497	12.59	9517	8.84
99	/lustre/fs4/risc_lab/store/jyeung/references/motif_databases/HOCOMOCOv11_core_HUMAN_mono_meme_format.meme	GRHL2_HUMAN.H11MO.0.A		AACCDGTYTKDC	2.08e-37	6.34e-33	2.54e-30	30525	11893	11893	107669	2.89	1018	8.56	5934	5.51
100	/lustre/fs4/risc_lab/store/jyeung/references/motif_databases/HOCOMOCOv11_core_HUMAN_mono_meme_format.meme	SP3_HUMAN.H11MO.0.B		SGVVGGGGGCGGGGCBRGSS	3.46e-37	2.84e-32	1.14e-29	82313	11893	11893	107669	3.93	5858	49.26	46459	43.15
101	/lustre/fs4/risc_lab/store/jyeung/references/motif_databases/HOCOMOCOv11_core_HUMAN_mono_meme_format.meme	MEF2C_HUMAN.H11MO.0.A		DKCTATTTTTRGM	8.98e-37	6.13e-32	2.46e-29	68236	11893	11893	107669	8.79	1918	16.13	12886	11.97
102	/lustre/fs4/risc_lab/store/jyeung/references/motif_databases/HOCOMOCOv11_core_HUMAN_mono_meme_format.meme	SOX2_HUMAN.H11MO.0.A		BBCCTTTGTYYYB	1.29e-36	1.22e-31	4.90e-29	94456	11893	11893	107669	6.65	2908	24.45	20968	19.47
103	/lustre/fs4/risc_lab/store/jyeung/references/motif_databases/HOCOMOCOv11_core_HUMAN_mono_meme_format.meme	SRBP1_HUMAN.H11MO.0.A		DGTSRGGTGAB	3.01e-36	2.44e-31	9.77e-29	80894	11893	11893	107669	6.78	500	4.20	2353	2.19
104	/lustre/fs4/risc_lab/store/jyeung/references/motif_databases/HOCOMOCOv11_core_HUMAN_mono_meme_format.meme	FOXO1_HUMAN.H11MO.0.A		KBBYTGTTTHCN	4.13e-36	4.08e-31	1.64e-28	98938	11893	11893	107669	3.2	3171	26.66	23204	21.55
105	/lustre/fs4/risc_lab/store/jyeung/references/motif_databases/HOCOMOCOv11_core_HUMAN_mono_meme_format.meme	NR4A2_HUMAN.H11MO.0.C		AAAGGTCAS	2.38e-35	1.10e-30	4.39e-28	46090	11893	11893	107669	14	309	2.60	1188	1.10
106	/lustre/fs4/risc_lab/store/jyeung/references/motif_databases/HOCOMOCOv11_core_HUMAN_mono_meme_format.meme	ELK4_HUMAN.H11MO.0.A		SVCCGGAAGTGV	3.77e-34	6.68e-30	2.68e-27	17703	11893	11893	107669	12.7	206	1.73	638	0.59
107	/lustre/fs4/risc_lab/store/jyeung/references/motif_databases/HOCOMOCOv11_core_HUMAN_mono_meme_format.meme	E2F6_HUMAN.H11MO.0.A		DGGGCGGGARRVR	1.23e-34	1.05e-29	4.21e-27	85158	11893	11893	107669	15.8	673	5.66	3566	3.31
108	/lustre/fs4/risc_lab/store/jyeung/references/motif_databases/HOCOMOCOv11_core_HUMAN_mono_meme_format.meme	IRF2_HUMAN.H11MO.0.A		RAAAVHGAAAGTGAAASTRV	3.42e-34	1.70e-29	6.82e-27	49808	11893	11893	107669	51.4	920	7.74	5346	4.97
109	/lustre/fs4/risc_lab/store/jyeung/references/motif_databases/HOCOMOCOv11_core_HUMAN_mono_meme_format.meme	NR4A1_HUMAN.H11MO.0.A		AAAGGKCAV	2.00e-34	1.90e-29	7.60e-27	94779	11893	11893	107669	9.85	86	0.72	112	0.10
110	/lustre/fs4/risc_lab/store/jyeung/references/motif_databases/HOCOMOCOv11_core_HUMAN_mono_meme_format.meme	HINFP_HUMAN.H11MO.0.C		DMSHHMGCGGACGTTV	1.30e-32	3.21e-29	1.29e-26	2475	11893	11893	107669	25.5	46	0.39	17	0.02
111	/lustre/fs4/risc_lab/store/jyeung/references/motif_databases/HOCOMOCOv11_core_HUMAN_mono_meme_format.meme	VEZF1_HUMAN.H11MO.0.C		GGRRRRGRRGGAGGGGGRGRRR	3.21e-34	3.25e-29	1.30e-26	101121	11893	11893	107669	1.28e+04	97	0.82	150	0.14
112	/lustre/fs4/risc_lab/store/jyeung/references/motif_databases/HOCOMOCOv11_core_HUMAN_mono_meme_format.meme	ATF2_HUMAN.H11MO.0.B		RRTGABGTCAY	9.59e-34	3.30e-29	1.32e-26	34429	11893	11893	107669	40.1	91	0.77	132	0.12
113	/lustre/fs4/risc_lab/store/jyeung/references/motif_databases/HOCOMOCOv11_core_HUMAN_mono_meme_format.meme	FOXQ1_HUMAN.H11MO.0.C		HATTGTTTATTT	6.14e-33	6.40e-29	2.57e-26	10421	11893	11893	107669	297	102	0.86	176	0.16
114	/lustre/fs4/risc_lab/store/jyeung/references/motif_databases/HOCOMOCOv11_core_HUMAN_mono_meme_format.meme	E2F2_HUMAN.H11MO.0.B		GGCGCGAAAC	1.27e-32	7.47e-29	2.99e-26	5896	11893	11893	107669	1.55	506	4.25	2489	2.31
115	/lustre/fs4/risc_lab/store/jyeung/references/motif_databases/HOCOMOCOv11_core_HUMAN_mono_meme_format.meme	CREB1_HUMAN.H11MO.0.A		NRRTGACGTMA	6.95e-33	8.27e-29	3.32e-26	11899	11893	11893	107669	1.2	1277	10.74	8084	7.51
116	/lustre/fs4/risc_lab/store/jyeung/references/motif_databases/HOCOMOCOv11_core_HUMAN_mono_meme_format.meme	EVI1_HUMAN.H11MO.0.B		WAGAYAAGATAANAKA	1.13e-32	1.96e-28	7.85e-26	17345	11893	11893	107669	6.96	620	5.21	3262	3.03
117	/lustre/fs4/risc_lab/store/jyeung/references/motif_databases/HOCOMOCOv11_core_HUMAN_mono_meme_format.meme	ZN582_HUMAN.H11MO.0.C		SGAATGSANTBGRMTGSAAKCAWC	6.22e-32	3.64e-28	1.46e-25	5849	11893	11893	107669	122	79	0.66	102	0.09
118	/lustre/fs4/risc_lab/store/jyeung/references/motif_databases/HOCOMOCOv11_core_HUMAN_mono_meme_format.meme	IRF1_HUMAN.H11MO.0.A		RAAANWGAAASTGAAASYRR	7.37e-33	4.92e-28	1.97e-25	66744	11893	11893	107669	1.21e+03	213	1.79	692	0.64
119	/lustre/fs4/risc_lab/store/jyeung/references/motif_databases/HOCOMOCOv11_core_HUMAN_mono_meme_format.meme	BMAL1_HUMAN.H11MO.0.A		KSCACGTGHSY	1.92e-32	6.58e-28	2.64e-25	34303	11893	11893	107669	8.61	273	2.30	1031	0.96
120	/lustre/fs4/risc_lab/store/jyeung/references/motif_databases/HOCOMOCOv11_core_HUMAN_mono_meme_format.meme	IRF8_HUMAN.H11MO.0.B		RAAARRGGAASTGAAASTDR	1.27e-32	6.74e-28	2.70e-25	53204	11893	11893	107669	30.6	826	6.95	4724	4.39
121	/lustre/fs4/risc_lab/store/jyeung/references/motif_databases/HOCOMOCOv11_core_HUMAN_mono_meme_format.meme	PO3F2_HUMAN.H11MO.0.A		YYCATGCATWTYCATTM	2.25e-32	9.11e-28	3.65e-25	40527	11893	11893	107669	3.8	1435	12.07	9332	8.67
122	/lustre/fs4/risc_lab/store/jyeung/references/motif_databases/HOCOMOCOv11_core_HUMAN_mono_meme_format.meme	BRAC_HUMAN.H11MO.0.A		YTVRCAKSDARGTGTGAADT	2.47e-32	1.19e-27	4.77e-25	48130	11893	11893	107669	5.19	808	6.79	4605	4.28
123	/lustre/fs4/risc_lab/store/jyeung/references/motif_databases/HOCOMOCOv11_core_HUMAN_mono_meme_format.meme	SPIB_HUMAN.H11MO.0.A		RRAAAGAGGAAGTGARA	4.06e-32	1.49e-27	5.98e-25	36681	11893	11893	107669	388	166	1.40	462	0.43
124	/lustre/fs4/risc_lab/store/jyeung/references/motif_databases/HOCOMOCOv11_core_HUMAN_mono_meme_format.meme	AHR_HUMAN.H11MO.0.B		DTYGCGTGM	4.32e-31	4.73e-27	1.90e-24	10939	11893	11893	107669	1.35	905	7.61	5364	4.98
125	/lustre/fs4/risc_lab/store/jyeung/references/motif_databases/HOCOMOCOv11_core_HUMAN_mono_meme_format.meme	FOXH1_HUMAN.H11MO.0.A		TGTGGATTS	3.78e-31	1.33e-26	5.33e-24	35121	11893	11893	107669	4.95	662	5.57	3606	3.35
126	/lustre/fs4/risc_lab/store/jyeung/references/motif_databases/HOCOMOCOv11_core_HUMAN_mono_meme_format.meme	ETS2_HUMAN.H11MO.0.B		RDVRGGAARVRRR	2.12e-31	2.33e-26	9.36e-24	109867	11893	11893	107669	31.5	132	1.11	311	0.29
127	/lustre/fs4/risc_lab/store/jyeung/references/motif_databases/HOCOMOCOv11_core_HUMAN_mono_meme_format.meme	HXA10_HUMAN.H11MO.0.C		KATRRTTTATGW	1.76e-30	5.61e-26	2.25e-23	31775	11893	11893	107669	65.3	56	0.47	43	0.04
128	/lustre/fs4/risc_lab/store/jyeung/references/motif_databases/HOCOMOCOv11_core_HUMAN_mono_meme_format.meme	EGR1_HUMAN.H11MO.0.A		VDRDGCGKGGGYGGRRR	7.52e-31	6.24e-26	2.50e-23	82945	11893	11893	107669	149	104	0.87	198	0.18
129	/lustre/fs4/risc_lab/store/jyeung/references/motif_databases/HOCOMOCOv11_core_HUMAN_mono_meme_format.meme	GLI3_HUMAN.H11MO.0.B		BTGGGTGGTCY	3.89e-30	1.24e-25	4.99e-23	31958	11893	11893	107669	12.8	393	3.30	1814	1.68
130	/lustre/fs4/risc_lab/store/jyeung/references/motif_databases/HOCOMOCOv11_core_HUMAN_mono_meme_format.meme	TF65_HUMAN.H11MO.0.A		HWGGGRATTTCCMV	5.60e-29	1.56e-24	6.27e-22	27890	11893	11893	107669	38.9	223	1.88	805	0.75
131	/lustre/fs4/risc_lab/store/jyeung/references/motif_databases/HOCOMOCOv11_core_HUMAN_mono_meme_format.meme	NFE2_HUMAN.H11MO.0.A		VVRTGACTCAGCA	5.80e-29	1.68e-24	6.74e-22	28993	11893	11893	107669	148	149	1.25	415	0.39
132	/lustre/fs4/risc_lab/store/jyeung/references/motif_databases/HOCOMOCOv11_core_HUMAN_mono_meme_format.meme	ZBT17_HUMAN.H11MO.0.A		SRRGGWGGGGGAGGGGMRR	1.70e-29	1.79e-24	7.17e-22	105400	11893	11893	107669	90.3	1036	8.71	6415	5.96
133	/lustre/fs4/risc_lab/store/jyeung/references/motif_databases/HOCOMOCOv11_core_HUMAN_mono_meme_format.meme	MAZ_HUMAN.H11MO.0.A		GGGGGAGGGGGDGRGRRRGRRG	5.40e-29	5.39e-24	2.16e-21	99736	11893	11893	107669	911	764	6.42	4417	4.10
134	/lustre/fs4/risc_lab/store/jyeung/references/motif_databases/HOCOMOCOv11_core_HUMAN_mono_meme_format.meme	ZN322_HUMAN.H11MO.0.B		GWGCCTGSTACWSWGCCTGR	4.45e-28	1.84e-23	7.38e-21	41299	11893	11893	107669	2.53e+03	39	0.33	14	0.01
135	/lustre/fs4/risc_lab/store/jyeung/references/motif_databases/HOCOMOCOv11_core_HUMAN_mono_meme_format.meme	ZN563_HUMAN.H11MO.0.C		RGGNTCMTNDCHGGCAGCTGY	8.56e-28	5.73e-23	2.30e-20	66900	11893	11893	107669	134	63	0.53	72	0.07
136	/lustre/fs4/risc_lab/store/jyeung/references/motif_databases/HOCOMOCOv11_core_HUMAN_mono_meme_format.meme	ISL1_HUMAN.H11MO.0.A		VCTAATKGV	1.27e-27	8.04e-23	3.23e-20	63309	11893	11893	107669	3.13	161	1.35	491	0.46
137	/lustre/fs4/risc_lab/store/jyeung/references/motif_databases/HOCOMOCOv11_core_HUMAN_mono_meme_format.meme	STA5B_HUMAN.H11MO.0.A		YTTCYKRGAAAY	1.91e-27	8.65e-23	3.47e-20	45293	11893	11893	107669	60.5	83	0.70	141	0.13
138	/lustre/fs4/risc_lab/store/jyeung/references/motif_databases/HOCOMOCOv11_core_HUMAN_mono_meme_format.meme	FOXA1_HUMAN.H11MO.0.A		TGTTTACWYWGB	3.60e-27	1.68e-22	6.74e-20	46692	11893	11893	107669	4.11	2031	17.08	14429	13.40
139	/lustre/fs4/risc_lab/store/jyeung/references/motif_databases/HOCOMOCOv11_core_HUMAN_mono_meme_format.meme	ZN384_HUMAN.H11MO.0.C		GSAAAAAVYMKS	4.32e-27	2.41e-22	9.68e-20	55821	11893	11893	107669	6.23	949	7.98	5873	5.45
140	/lustre/fs4/risc_lab/store/jyeung/references/motif_databases/HOCOMOCOv11_core_HUMAN_mono_meme_format.meme	FLI1_HUMAN.H11MO.0.A		SRRGGMAGGAAGGRRRGR	3.43e-26	3.04e-21	1.22e-18	88611	11893	11893	107669	1.39e+04	33	0.28	8	0.01
141	/lustre/fs4/risc_lab/store/jyeung/references/motif_databases/HOCOMOCOv11_core_HUMAN_mono_meme_format.meme	ZN680_HUMAN.H11MO.0.C		CRYGWCCARGAAGAATGAGG	3.26e-24	1.44e-20	5.79e-18	4426	11893	11893	107669	65.3	154	1.29	500	0.46
142	/lustre/fs4/risc_lab/store/jyeung/references/motif_databases/HOCOMOCOv11_core_HUMAN_mono_meme_format.meme	CEBPE_HUMAN.H11MO.0.A		TTKCGHAATMTB	1.70e-24	4.64e-20	1.86e-17	27383	11893	11893	107669	7.59	144	1.21	444	0.41
143	/lustre/fs4/risc_lab/store/jyeung/references/motif_databases/HOCOMOCOv11_core_HUMAN_mono_meme_format.meme	KLF9_HUMAN.H11MO.0.C		GRRGKGGGCGTGGCC	1.90e-24	6.20e-20	2.48e-17	32587	11893	11893	107669	13	1211	10.18	8032	7.46
144	/lustre/fs4/risc_lab/store/jyeung/references/motif_databases/HOCOMOCOv11_core_HUMAN_mono_meme_format.meme	FOXA3_HUMAN.H11MO.0.B		CHTGTTTACWTWG	2.87e-24	1.19e-19	4.79e-17	41639	11893	11893	107669	2.91	1999	16.81	14386	13.36
145	/lustre/fs4/risc_lab/store/jyeung/references/motif_databases/HOCOMOCOv11_core_HUMAN_mono_meme_format.meme	DBP_HUMAN.H11MO.0.B		VTTATGYAABM	5.45e-24	1.37e-19	5.49e-17	25118	11893	11893	107669	19.6	53	0.45	59	0.05
146	/lustre/fs4/risc_lab/store/jyeung/references/motif_databases/HOCOMOCOv11_core_HUMAN_mono_meme_format.meme	ELK1_HUMAN.H11MO.0.B		RCCGGAAGTGV	6.78e-24	1.45e-19	5.82e-17	21411	11893	11893	107669	2.77	987	8.30	6324	5.87
147	/lustre/fs4/risc_lab/store/jyeung/references/motif_databases/HOCOMOCOv11_core_HUMAN_mono_meme_format.meme	MITF_HUMAN.H11MO.0.A		TCACGTGACC	7.82e-24	1.64e-19	6.56e-17	20932	11893	11893	107669	23	206	1.73	796	0.74
148	/lustre/fs4/risc_lab/store/jyeung/references/motif_databases/HOCOMOCOv11_core_HUMAN_mono_meme_format.meme	RORA_HUMAN.H11MO.0.C		AWSTRGGTCARRG	5.04e-24	4.54e-19	1.82e-16	90061	11893	11893	107669	13.5	129	1.08	374	0.35
149	/lustre/fs4/risc_lab/store/jyeung/references/motif_databases/HOCOMOCOv11_core_HUMAN_mono_meme_format.meme	MAFB_HUMAN.H11MO.0.B		TGCTGASTYAD	2.13e-23	1.79e-18	7.17e-16	83753	11893	11893	107669	24	57	0.48	74	0.07
150	/lustre/fs4/risc_lab/store/jyeung/references/motif_databases/HOCOMOCOv11_core_HUMAN_mono_meme_format.meme	LHX2_HUMAN.H11MO.0.A		KBYTAATTRGYK	5.75e-23	2.23e-18	8.95e-16	38803	11893	11893	107669	1.88	2137	17.97	15630	14.52
151	/lustre/fs4/risc_lab/store/jyeung/references/motif_databases/HOCOMOCOv11_core_HUMAN_mono_meme_format.meme	IRF4_HUMAN.H11MO.0.A		RAAWGRGGAASTGAAASY	7.42e-23	3.81e-18	1.53e-15	51344	11893	11893	107669	74.3	276	2.32	1243	1.15
152	/lustre/fs4/risc_lab/store/jyeung/references/motif_databases/HOCOMOCOv11_core_HUMAN_mono_meme_format.meme	OSR2_HUMAN.H11MO.0.C		GBYSCWGCTNCTGYDG	4.84e-23	4.24e-18	1.70e-15	87675	11893	11893	107669	34	352	2.96	1732	1.61
153	/lustre/fs4/risc_lab/store/jyeung/references/motif_databases/HOCOMOCOv11_core_HUMAN_mono_meme_format.meme	E2F3_HUMAN.H11MO.0.A		DDGGCGGGAAA	4.71e-23	4.37e-18	1.75e-15	92750	11893	11893	107669	4.2	1640	13.79	11547	10.72
154	/lustre/fs4/risc_lab/store/jyeung/references/motif_databases/HOCOMOCOv11_core_HUMAN_mono_meme_format.meme	ZN394_HUMAN.H11MO.0.C		NRARWRGAAWNGAMWGRAAK	4.51e-23	4.48e-18	1.80e-15	99429	11893	11893	107669	50.7	676	5.68	4019	3.73
155	/lustre/fs4/risc_lab/store/jyeung/references/motif_databases/HOCOMOCOv11_core_HUMAN_mono_meme_format.meme	IRF3_HUMAN.H11MO.0.B		RAAARGGAAAVDGAAASDGA	1.12e-22	1.06e-17	4.27e-15	95464	11893	11893	107669	774	555	4.67	3154	2.93
156	/lustre/fs4/risc_lab/store/jyeung/references/motif_databases/HOCOMOCOv11_core_HUMAN_mono_meme_format.meme	MYC_HUMAN.H11MO.0.A		RCCACGTGCTB	3.41e-22	1.09e-17	4.37e-15	31941	11893	11893	107669	8.33	343	2.88	1696	1.58
157	/lustre/fs4/risc_lab/store/jyeung/references/motif_databases/HOCOMOCOv11_core_HUMAN_mono_meme_format.meme	TEAD4_HUMAN.H11MO.0.A		RCATTCCWGRVAK	2.56e-22	1.45e-17	5.83e-15	56901	11893	11893	107669	5.16	1106	9.30	7336	6.81
158	/lustre/fs4/risc_lab/store/jyeung/references/motif_databases/HOCOMOCOv11_core_HUMAN_mono_meme_format.meme	NF2L2_HUMAN.H11MO.0.A		WWYTGCTGAGTCAT	1.42e-21	2.23e-17	8.94e-15	15646	11893	11893	107669	71.7	257	2.16	1153	1.07
159	/lustre/fs4/risc_lab/store/jyeung/references/motif_databases/HOCOMOCOv11_core_HUMAN_mono_meme_format.meme	BACH1_HUMAN.H11MO.0.A		TGCTGAGTCABSS	5.03e-22	2.87e-17	1.15e-14	57064	11893	11893	107669	78.8	162	1.36	576	0.53
160	/lustre/fs4/risc_lab/store/jyeung/references/motif_databases/HOCOMOCOv11_core_HUMAN_mono_meme_format.meme	PRDM6_HUMAN.H11MO.0.C		RRRARGAAAAAAA	9.69e-22	9.77e-17	3.92e-14	100892	11893	11893	107669	3.38	7683	64.60	64744	60.13
161	/lustre/fs4/risc_lab/store/jyeung/references/motif_databases/HOCOMOCOv11_core_HUMAN_mono_meme_format.meme	PIT1_HUMAN.H11MO.0.C		YTMATGAATATWY	2.12e-21	1.03e-16	4.12e-14	48558	11893	11893	107669	2.54	2560	21.53	19308	17.93
162	/lustre/fs4/risc_lab/store/jyeung/references/motif_databases/HOCOMOCOv11_core_HUMAN_mono_meme_format.meme	KLF8_HUMAN.H11MO.0.C		CAGGGKGTG	2.82e-21	1.23e-16	4.92e-14	43419	11893	11893	107669	11	561	4.72	3253	3.02
163	/lustre/fs4/risc_lab/store/jyeung/references/motif_databases/HOCOMOCOv11_core_HUMAN_mono_meme_format.meme	NKX25_HUMAN.H11MO.0.B		KKRAGWGS	1.77e-21	1.90e-16	7.62e-14	107650	11893	11893	107669	3.33	427	3.59	2291	2.13
164	/lustre/fs4/risc_lab/store/jyeung/references/motif_databases/HOCOMOCOv11_core_HUMAN_mono_meme_format.meme	HXA9_HUMAN.H11MO.0.B		RTGATTTATKR	8.87e-21	2.83e-16	1.13e-13	31911	11893	11893	107669	88.4	20	0.17	0	0.00
165	/lustre/fs4/risc_lab/store/jyeung/references/motif_databases/HOCOMOCOv11_core_HUMAN_mono_meme_format.meme	REST_HUMAN.H11MO.0.A		TTCAGCACCAYGGACAGCKCCM	8.17e-20	7.20e-16	2.89e-13	8812	11893	11893	107669	2.92e+05	77	0.65	174	0.16
166	/lustre/fs4/risc_lab/store/jyeung/references/motif_databases/HOCOMOCOv11_core_HUMAN_mono_meme_format.meme	EPAS1_HUMAN.H11MO.0.B		VTACGTGMC	1.05e-19	9.56e-16	3.83e-13	9121	11893	11893	107669	2.08	316	2.66	1587	1.47
167	/lustre/fs4/risc_lab/store/jyeung/references/motif_databases/HOCOMOCOv11_core_HUMAN_mono_meme_format.meme	SP4_HUMAN.H11MO.0.A		SRGVARGRGGCGGRGCHDRR	1.11e-20	1.02e-15	4.08e-13	91978	11893	11893	107669	22.6	1935	16.27	14149	13.14
168	/lustre/fs4/risc_lab/store/jyeung/references/motif_databases/HOCOMOCOv11_core_HUMAN_mono_meme_format.meme	FOXJ2_HUMAN.H11MO.0.C		TGTTTRTTTW	1.83e-20	1.09e-15	4.38e-13	59650	11893	11893	107669	31.7	695	5.84	4279	3.97
169	/lustre/fs4/risc_lab/store/jyeung/references/motif_databases/HOCOMOCOv11_core_HUMAN_mono_meme_format.meme	ARNT_HUMAN.H11MO.0.B		STACGTGMC	1.33e-19	1.29e-15	5.18e-13	9745	11893	11893	107669	2.59	216	1.82	941	0.87
170	/lustre/fs4/risc_lab/store/jyeung/references/motif_databases/HOCOMOCOv11_core_HUMAN_mono_meme_format.meme	BATF3_HUMAN.H11MO.0.B		BRSTTTCADTWTGASWM	2.89e-20	1.73e-15	6.95e-13	60033	11893	11893	107669	12.4	401	3.37	2151	2.00
171	/lustre/fs4/risc_lab/store/jyeung/references/motif_databases/HOCOMOCOv11_core_HUMAN_mono_meme_format.meme	MYOG_HUMAN.H11MO.0.B		CHSCAGCTGYYYB	5.84e-20	3.18e-15	1.28e-12	54429	11893	11893	107669	30.3	342	2.88	1755	1.63
172	/lustre/fs4/risc_lab/store/jyeung/references/motif_databases/HOCOMOCOv11_core_HUMAN_mono_meme_format.meme	SRF_HUMAN.H11MO.0.A		TTKCCWTWTWTGGBCWTD	2.51e-19	4.76e-15	1.91e-12	18966	11893	11893	107669	214	73	0.61	161	0.15
173	/lustre/fs4/risc_lab/store/jyeung/references/motif_databases/HOCOMOCOv11_core_HUMAN_mono_meme_format.meme	EGR2_HUMAN.H11MO.0.A		GRGRRKGWGKGGGHGGRG	6.58e-20	6.00e-15	2.40e-12	91131	11893	11893	107669	293	254	2.14	1174	1.09
174	/lustre/fs4/risc_lab/store/jyeung/references/motif_databases/HOCOMOCOv11_core_HUMAN_mono_meme_format.meme	THA11_HUMAN.H11MO.0.B		KGCMTBCTGGGARTTGTAGTYY	8.08e-18	7.19e-14	2.88e-11	8896	11893	11893	107669	2.63e+04	95	0.80	279	0.26
175	/lustre/fs4/risc_lab/store/jyeung/references/motif_databases/HOCOMOCOv11_core_HUMAN_mono_meme_format.meme	MYB_HUMAN.H11MO.0.A		RVWGRCAGTTRR	2.03e-18	8.75e-14	3.51e-11	43091	11893	11893	107669	2.87	980	8.24	6586	6.12
176	/lustre/fs4/risc_lab/store/jyeung/references/motif_databases/HOCOMOCOv11_core_HUMAN_mono_meme_format.meme	SPI1_HUMAN.H11MO.0.A		RRAAAGAGGAAGTGRVD	1.91e-18	1.03e-13	4.15e-11	54100	11893	11893	107669	938	71	0.60	160	0.15
177	/lustre/fs4/risc_lab/store/jyeung/references/motif_databases/HOCOMOCOv11_core_HUMAN_mono_meme_format.meme	NR1D1_HUMAN.H11MO.0.B		RRRNMASTGGGTCAGDRDR	1.32e-18	1.25e-13	5.03e-11	94845	11893	11893	107669	139	21	0.18	3	0.00
178	/lustre/fs4/risc_lab/store/jyeung/references/motif_databases/HOCOMOCOv11_core_HUMAN_mono_meme_format.meme	GFI1B_HUMAN.H11MO.0.A		GCWSWGATTT	2.71e-18	1.45e-13	5.83e-11	53713	11893	11893	107669	25.7	56	0.47	100	0.09
179	/lustre/fs4/risc_lab/store/jyeung/references/motif_databases/HOCOMOCOv11_core_HUMAN_mono_meme_format.meme	ETV5_HUMAN.H11MO.0.C		RRRSAGGAARDGRV	1.53e-18	1.66e-13	6.67e-11	108502	11893	11893	107669	29.5	280	2.35	1380	1.28
180	/lustre/fs4/risc_lab/store/jyeung/references/motif_databases/HOCOMOCOv11_core_HUMAN_mono_meme_format.meme	ZN263_HUMAN.H11MO.0.A		GGGAGGAGGRRGRGGRGGRR	4.87e-18	4.24e-13	1.70e-10	86992	11893	11893	107669	1.08e+03	325	2.73	1699	1.58
181	/lustre/fs4/risc_lab/store/jyeung/references/motif_databases/HOCOMOCOv11_core_HUMAN_mono_meme_format.meme	ZN250_HUMAN.H11MO.0.C		TACCATRCTGTTTTGRTTAC	1.01e-15	5.92e-13	2.38e-10	587	11893	11893	107669	1.95	101	0.85	338	0.31
182	/lustre/fs4/risc_lab/store/jyeung/references/motif_databases/HOCOMOCOv11_core_HUMAN_mono_meme_format.meme	BACH2_HUMAN.H11MO.0.A		TGCTGAGTCAB	1.45e-17	5.98e-13	2.40e-10	41318	11893	11893	107669	88.1	154	1.29	607	0.56
183	/lustre/fs4/risc_lab/store/jyeung/references/motif_databases/HOCOMOCOv11_core_HUMAN_mono_meme_format.meme	SOX17_HUMAN.H11MO.0.C		SCCATTGTKBY	8.72e-18	6.15e-13	2.47e-10	70573	11893	11893	107669	1.41	5090	42.80	41735	38.76
184	/lustre/fs4/risc_lab/store/jyeung/references/motif_databases/HOCOMOCOv11_core_HUMAN_mono_meme_format.meme	ZN467_HUMAN.H11MO.0.C		GGGGAGGGGRRGGRGRRGGRRR	7.71e-18	6.29e-13	2.52e-10	81563	11893	11893	107669	3.92e+03	475	3.99	2769	2.57
185	/lustre/fs4/risc_lab/store/jyeung/references/motif_databases/HOCOMOCOv11_core_HUMAN_mono_meme_format.meme	NR2C1_HUMAN.H11MO.0.C		GSYVAGAGGTCAB	2.96e-17	1.08e-12	4.32e-10	36406	11893	11893	107669	27	199	1.67	888	0.82
186	/lustre/fs4/risc_lab/store/jyeung/references/motif_databases/HOCOMOCOv11_core_HUMAN_mono_meme_format.meme	ZN143_HUMAN.H11MO.0.A		DGCMTKCTGGGARWTGTAGTYY	1.02e-16	1.34e-12	5.36e-10	13079	11893	11893	107669	3.38e+05	19	0.16	3	0.00
187	/lustre/fs4/risc_lab/store/jyeung/references/motif_databases/HOCOMOCOv11_core_HUMAN_mono_meme_format.meme	TGIF1_HUMAN.H11MO.0.A		TGACAGS	1.57e-17	1.39e-12	5.59e-10	88835	11893	11893	107669	3.63	697	5.86	4442	4.13
188	/lustre/fs4/risc_lab/store/jyeung/references/motif_databases/HOCOMOCOv11_core_HUMAN_mono_meme_format.meme	MYF6_HUMAN.H11MO.0.C		CASCTGC	4.43e-17	3.32e-12	1.33e-9	74910	11893	11893	107669	20.5	93	0.78	278	0.26
189	/lustre/fs4/risc_lab/store/jyeung/references/motif_databases/HOCOMOCOv11_core_HUMAN_mono_meme_format.meme	STAT4_HUMAN.H11MO.0.A		YTTCYYRGMAV	5.30e-17	3.52e-12	1.41e-9	66369	11893	11893	107669	2.83	2909	24.46	22737	21.12
190	/lustre/fs4/risc_lab/store/jyeung/references/motif_databases/HOCOMOCOv11_core_HUMAN_mono_meme_format.meme	HNF1A_HUMAN.H11MO.0.C		DGTTAATKATTAACH	1.18e-16	3.91e-12	1.57e-9	33131	11893	11893	107669	26.5	168	1.41	709	0.66
191	/lustre/fs4/risc_lab/store/jyeung/references/motif_databases/HOCOMOCOv11_core_HUMAN_mono_meme_format.meme	KLF12_HUMAN.H11MO.0.C		VGGGGCGGGGC	9.14e-17	4.56e-12	1.83e-9	49901	11893	11893	107669	1.04	5317	44.71	43901	40.77
192	/lustre/fs4/risc_lab/store/jyeung/references/motif_databases/HOCOMOCOv11_core_HUMAN_mono_meme_format.meme	ANDR_HUMAN.H11MO.0.A		TGTTCTTKKYTGTTTRYW	8.07e-17	6.22e-12	2.49e-9	77063	11893	11893	107669	649	45	0.38	69	0.06
193	/lustre/fs4/risc_lab/store/jyeung/references/motif_databases/HOCOMOCOv11_core_HUMAN_mono_meme_format.meme	HNF6_HUMAN.H11MO.0.B		WTTATTGATTK	8.88e-16	1.16e-11	4.65e-9	13039	11893	11893	107669	123	18	0.15	3	0.00
194	/lustre/fs4/risc_lab/store/jyeung/references/motif_databases/HOCOMOCOv11_core_HUMAN_mono_meme_format.meme	PTF1A_HUMAN.H11MO.0.B		SCAGCTGBYBBYBYYCHC	2.35e-16	1.77e-11	7.10e-9	75428	11893	11893	107669	129	64	0.54	148	0.14
195	/lustre/fs4/risc_lab/store/jyeung/references/motif_databases/HOCOMOCOv11_core_HUMAN_mono_meme_format.meme	WT1_HUMAN.H11MO.0.C		RGGVGGGGGAGGRGGVGGRG	2.89e-16	2.22e-11	8.91e-9	76809	11893	11893	107669	1.14e+03	414	3.48	2391	2.22
196	/lustre/fs4/risc_lab/store/jyeung/references/motif_databases/HOCOMOCOv11_core_HUMAN_mono_meme_format.meme	CRX_HUMAN.H11MO.0.B		WAAGRGGATTARV	1.27e-15	4.59e-11	1.84e-8	35992	11893	11893	107669	6.95	392	3.30	2258	2.10
197	/lustre/fs4/risc_lab/store/jyeung/references/motif_databases/HOCOMOCOv11_core_HUMAN_mono_meme_format.meme	OTX2_HUMAN.H11MO.0.A		RRRGGATTARV	1.35e-15	4.65e-11	1.87e-8	34453	11893	11893	107669	2.26	1457	12.25	10642	9.88
198	/lustre/fs4/risc_lab/store/jyeung/references/motif_databases/HOCOMOCOv11_core_HUMAN_mono_meme_format.meme	TFE3_HUMAN.H11MO.0.B		RGTCACGTGA	3.02e-15	4.76e-11	1.91e-8	15760	11893	11893	107669	13.9	250	2.10	1275	1.18
199	/lustre/fs4/risc_lab/store/jyeung/references/motif_databases/HOCOMOCOv11_core_HUMAN_mono_meme_format.meme	ETV1_HUMAN.H11MO.0.A		SRCCGGAAGYG	1.49e-15	5.89e-11	2.36e-8	39469	11893	11893	107669	35.9	49	0.41	92	0.09
200	/lustre/fs4/risc_lab/store/jyeung/references/motif_databases/HOCOMOCOv11_core_HUMAN_mono_meme_format.meme	FOXJ3_HUMAN.H11MO.0.A		TTGTTTATKKTTW	1.69e-15	9.38e-11	3.76e-8	55450	11893	11893	107669	241	383	3.22	2198	2.04
201	/lustre/fs4/risc_lab/store/jyeung/references/motif_databases/HOCOMOCOv11_core_HUMAN_mono_meme_format.meme	THB_HUMAN.H11MO.0.C		GRSSYSASVTSAGGTCA	1.92e-15	1.01e-10	4.05e-8	52549	11893	11893	107669	354	33	0.28	37	0.03
202	/lustre/fs4/risc_lab/store/jyeung/references/motif_databases/HOCOMOCOv11_core_HUMAN_mono_meme_format.meme	SOX10_HUMAN.H11MO.0.B		MAARRRVDBCWTTGTT	2.89e-15	1.12e-10	4.50e-8	38892	11893	11893	107669	25.8	206	1.73	982	0.91
203	/lustre/fs4/risc_lab/store/jyeung/references/motif_databases/HOCOMOCOv11_core_HUMAN_mono_meme_format.meme	ZN264_HUMAN.H11MO.0.C		YHTYAWAAGGRCACTAATCCCATY	6.87e-15	1.18e-10	4.74e-8	17223	11893	11893	107669	58.6	237	1.99	1198	1.11
204	/lustre/fs4/risc_lab/store/jyeung/references/motif_databases/HOCOMOCOv11_core_HUMAN_mono_meme_format.meme	P53_HUMAN.H11MO.0.A		DGRCATGYCCAGRCATGYCY	9.22e-15	1.20e-10	4.80e-8	12976	11893	11893	107669	1.42e+05	14	0.12	0	0.00
205	/lustre/fs4/risc_lab/store/jyeung/references/motif_databases/HOCOMOCOv11_core_HUMAN_mono_meme_format.meme	PO2F1_HUMAN.H11MO.0.C		AWKBRWATGSAAWYAW	3.00e-15	1.25e-10	5.02e-8	41814	11893	11893	107669	4.6	1183	9.95	8432	7.83
206	/lustre/fs4/risc_lab/store/jyeung/references/motif_databases/HOCOMOCOv11_core_HUMAN_mono_meme_format.meme	MEIS1_HUMAN.H11MO.0.A		RTGATTKATKRB	6.35e-15	1.78e-10	7.15e-8	28068	11893	11893	107669	6.1	538	4.52	3370	3.13
207	/lustre/fs4/risc_lab/store/jyeung/references/motif_databases/HOCOMOCOv11_core_HUMAN_mono_meme_format.meme	P63_HUMAN.H11MO.0.A		DRCAWGYCCAGRCWTGYYB	9.22e-15	1.85e-10	7.40e-8	20011	11893	11893	107669	1.54e+03	14	0.12	0	0.00
208	/lustre/fs4/risc_lab/store/jyeung/references/motif_databases/HOCOMOCOv11_core_HUMAN_mono_meme_format.meme	Z324A_HUMAN.H11MO.0.C		KVTCAAACCATCCTTKSCTKSCW	3.34e-15	2.50e-10	1.00e-7	74898	11893	11893	107669	196	38	0.32	54	0.05
209	/lustre/fs4/risc_lab/store/jyeung/references/motif_databases/HOCOMOCOv11_core_HUMAN_mono_meme_format.meme	P73_HUMAN.H11MO.0.A		RRRCAWGYCCARRCWTGYC	9.22e-15	3.20e-10	1.28e-7	34672	11893	11893	107669	2.85e+03	14	0.12	0	0.00
210	/lustre/fs4/risc_lab/store/jyeung/references/motif_databases/HOCOMOCOv11_core_HUMAN_mono_meme_format.meme	MEIS2_HUMAN.H11MO.0.B		TTGACAGBTGTCM	2.40e-14	4.37e-10	1.75e-7	18235	11893	11893	107669	248	29	0.24	30	0.03
211	/lustre/fs4/risc_lab/store/jyeung/references/motif_databases/HOCOMOCOv11_core_HUMAN_mono_meme_format.meme	HLF_HUMAN.H11MO.0.C		GRTTRYGTAAYMS	5.36e-14	4.99e-10	2.00e-7	9306	11893	11893	107669	1.45	848	7.13	5834	5.42
212	/lustre/fs4/risc_lab/store/jyeung/references/motif_databases/HOCOMOCOv11_core_HUMAN_mono_meme_format.meme	MAX_HUMAN.H11MO.0.A		VRGCACGTGG	1.58e-14	6.10e-10	2.45e-7	38729	11893	11893	107669	4.52	558	4.69	3542	3.29
213	/lustre/fs4/risc_lab/store/jyeung/references/motif_databases/HOCOMOCOv11_core_HUMAN_mono_meme_format.meme	MAFG_HUMAN.H11MO.0.A		RWWWNTGCTGASTCAGCA	1.57e-13	1.04e-9	4.15e-7	6582	11893	11893	107669	4.24	445	3.74	2740	2.54
214	/lustre/fs4/risc_lab/store/jyeung/references/motif_databases/HOCOMOCOv11_core_HUMAN_mono_meme_format.meme	ERG_HUMAN.H11MO.0.A		RRRSAGGAAGYGG	2.16e-14	1.82e-9	7.30e-7	84231	11893	11893	107669	96.6	51	0.43	109	0.10
215	/lustre/fs4/risc_lab/store/jyeung/references/motif_databases/HOCOMOCOv11_core_HUMAN_mono_meme_format.meme	ETS1_HUMAN.H11MO.0.A		RRRCMGGAAGTGG	3.12e-14	2.03e-9	8.15e-7	65104	11893	11893	107669	106	56	0.47	132	0.12
216	/lustre/fs4/risc_lab/store/jyeung/references/motif_databases/HOCOMOCOv11_core_HUMAN_mono_meme_format.meme	BATF_HUMAN.H11MO.0.A		RBTYTCRDWATGASTCAB	7.79e-14	2.85e-9	1.14e-6	36644	11893	11893	107669	72.3	52	0.44	118	0.11
217	/lustre/fs4/risc_lab/store/jyeung/references/motif_databases/HOCOMOCOv11_core_HUMAN_mono_meme_format.meme	KLF3_HUMAN.H11MO.0.B		GGRGVDGGGCGGGGCYGGG	4.22e-14	2.99e-9	1.20e-6	70782	11893	11893	107669	2.43	5675	47.72	47506	44.12
218	/lustre/fs4/risc_lab/store/jyeung/references/motif_databases/HOCOMOCOv11_core_HUMAN_mono_meme_format.meme	TWST1_HUMAN.H11MO.0.A		MCATCTGKWWYYMATTA	1.16e-13	3.15e-9	1.26e-6	27107	11893	11893	107669	128	63	0.53	170	0.16
219	/lustre/fs4/risc_lab/store/jyeung/references/motif_databases/HOCOMOCOv11_core_HUMAN_mono_meme_format.meme	KLF6_HUMAN.H11MO.0.A		GSRRGGGHGGGGMHGGGRV	3.58e-14	3.39e-9	1.36e-6	94867	11893	11893	107669	230	191	1.61	913	0.85
220	/lustre/fs4/risc_lab/store/jyeung/references/motif_databases/HOCOMOCOv11_core_HUMAN_mono_meme_format.meme	LYL1_HUMAN.H11MO.0.A		CCAKCTGYTYYCTB	4.23e-14	4.67e-9	1.87e-6	110460	11893	11893	107669	20	49	0.41	103	0.10
221	/lustre/fs4/risc_lab/store/jyeung/references/motif_databases/HOCOMOCOv11_core_HUMAN_mono_meme_format.meme	FOXA2_HUMAN.H11MO.0.A		TGTTTACWYWGB	1.43e-13	5.77e-9	2.31e-6	40177	11893	11893	107669	7.37	846	7.11	5848	5.43
222	/lustre/fs4/risc_lab/store/jyeung/references/motif_databases/HOCOMOCOv11_core_HUMAN_mono_meme_format.meme	AP2B_HUMAN.H11MO.0.B		GCCYGVGGGS	1.02e-13	6.84e-9	2.74e-6	66728	11893	11893	107669	33.6	15	0.13	2	0.00
223	/lustre/fs4/risc_lab/store/jyeung/references/motif_databases/HOCOMOCOv11_core_HUMAN_mono_meme_format.meme	ZN708_HUMAN.H11MO.0.C		GCCTAATAARBAGGYACAGC	7.29e-13	1.43e-8	5.72e-6	19589	11893	11893	107669	7.05	498	4.19	3174	2.95
224	/lustre/fs4/risc_lab/store/jyeung/references/motif_databases/HOCOMOCOv11_core_HUMAN_mono_meme_format.meme	ZN341_HUMAN.H11MO.0.C		GRGGRRRRGGRGRRGGAASAGC	2.89e-13	2.87e-8	1.15e-5	99308	11893	11893	107669	301	313	2.63	1783	1.66
225	/lustre/fs4/risc_lab/store/jyeung/references/motif_databases/HOCOMOCOv11_core_HUMAN_mono_meme_format.meme	EHF_HUMAN.H11MO.0.B		VWACSAGGAAGTDVS	6.38e-13	2.93e-8	1.18e-5	45930	11893	11893	107669	98.6	74	0.62	234	0.22
226	/lustre/fs4/risc_lab/store/jyeung/references/motif_databases/HOCOMOCOv11_core_HUMAN_mono_meme_format.meme	FOXM1_HUMAN.H11MO.0.A		TGTTTRCTYWKB	9.17e-13	6.85e-8	2.75e-5	74632	11893	11893	107669	16.9	209	1.76	1073	1.00
227	/lustre/fs4/risc_lab/store/jyeung/references/motif_databases/HOCOMOCOv11_core_HUMAN_mono_meme_format.meme	OLIG2_HUMAN.H11MO.0.B		CCAKCTGYTYYYYWBCHB	1.13e-12	9.63e-8	3.86e-5	85313	11893	11893	107669	50.7	124	1.04	524	0.49
228	/lustre/fs4/risc_lab/store/jyeung/references/motif_databases/HOCOMOCOv11_core_HUMAN_mono_meme_format.meme	SMAD2_HUMAN.H11MO.0.A		TGTCTGNCWCCT	1.06e-12	9.70e-8	3.89e-5	91821	11893	11893	107669	8.12	904	7.60	6376	5.92
229	/lustre/fs4/risc_lab/store/jyeung/references/motif_databases/HOCOMOCOv11_core_HUMAN_mono_meme_format.meme	GABPA_HUMAN.H11MO.0.A		GVVRCCGGAAGTGV	3.48e-12	1.04e-7	4.17e-5	29855	11893	11893	107669	51.7	62	0.52	182	0.17
230	/lustre/fs4/risc_lab/store/jyeung/references/motif_databases/HOCOMOCOv11_core_HUMAN_mono_meme_format.meme	PRRX2_HUMAN.H11MO.0.C		YTAATTR	3.53e-12	1.08e-7	4.33e-5	30552	11893	11893	107669	2.42	1384	11.64	10354	9.62
231	/lustre/fs4/risc_lab/store/jyeung/references/motif_databases/HOCOMOCOv11_core_HUMAN_mono_meme_format.meme	SMCA5_HUMAN.H11MO.0.C		GAATBGAATGGAAWC	2.54e-12	1.11e-7	4.45e-5	43638	11893	11893	107669	145	31	0.26	46	0.04
232	/lustre/fs4/risc_lab/store/jyeung/references/motif_databases/HOCOMOCOv11_core_HUMAN_mono_meme_format.meme	SIX1_HUMAN.H11MO.0.A		TGWAAYHTGAKMCY	6.68e-12	1.82e-7	7.28e-5	27172	11893	11893	107669	123	32	0.27	52	0.05
233	/lustre/fs4/risc_lab/store/jyeung/references/motif_databases/HOCOMOCOv11_core_HUMAN_mono_meme_format.meme	GFI1_HUMAN.H11MO.0.C		GCWSTGATTT	7.12e-12	3.65e-7	1.46e-4	51252	11893	11893	107669	28.2	56	0.47	156	0.14
234	/lustre/fs4/risc_lab/store/jyeung/references/motif_databases/HOCOMOCOv11_core_HUMAN_mono_meme_format.meme	DUX4_HUMAN.H11MO.0.A		TGATTAGRTTA	7.26e-11	5.13e-7	2.06e-4	7067	11893	11893	107669	12.4	268	2.25	1555	1.44
235	/lustre/fs4/risc_lab/store/jyeung/references/motif_databases/HOCOMOCOv11_core_HUMAN_mono_meme_format.meme	PDX1_HUMAN.H11MO.0.A		TGATTGATK	3.13e-11	1.15e-6	4.63e-4	36815	11893	11893	107669	4.16	438	3.68	2805	2.61
236	/lustre/fs4/risc_lab/store/jyeung/references/motif_databases/HOCOMOCOv11_core_HUMAN_mono_meme_format.meme	ZN547_HUMAN.H11MO.0.C		TGCTAATKCWGCARGCABRC	1.21e-10	1.79e-6	7.18e-4	14750	11893	11893	107669	1.36	1362	11.45	10328	9.59
237	/lustre/fs4/risc_lab/store/jyeung/references/motif_databases/HOCOMOCOv11_core_HUMAN_mono_meme_format.meme	ZFP42_HUMAN.H11MO.0.A		GGCMGCCATTTT	1.07e-10	3.61e-6	1.45e-3	33621	11893	11893	107669	4.34	1039	8.74	7643	7.10
238	/lustre/fs4/risc_lab/store/jyeung/references/motif_databases/HOCOMOCOv11_core_HUMAN_mono_meme_format.meme	TFAP4_HUMAN.H11MO.0.A		YCAGCTGWKB	7.24e-11	4.02e-6	1.61e-3	55503	11893	11893	107669	11.8	757	6.37	5335	4.96
239	/lustre/fs4/risc_lab/store/jyeung/references/motif_databases/HOCOMOCOv11_core_HUMAN_mono_meme_format.meme	NFKB1_HUMAN.H11MO.1.B		GGGAAAKYCCC	1.24e-10	4.12e-6	1.65e-3	33311	11893	11893	107669	65.1	67	0.56	229	0.21
240	/lustre/fs4/risc_lab/store/jyeung/references/motif_databases/HOCOMOCOv11_core_HUMAN_mono_meme_format.meme	MAF_HUMAN.H11MO.0.A		VAAWBTGCTGASTHWGCMD	6.59e-11	4.46e-6	1.79e-3	67598	11893	11893	107669	187	14	0.12	5	0.00
241	/lustre/fs4/risc_lab/store/jyeung/references/motif_databases/HOCOMOCOv11_core_HUMAN_mono_meme_format.meme	SMAD3_HUMAN.H11MO.0.B		SYCTSHCWSCWS	6.70e-11	7.72e-6	3.09e-3	115145	11893	11893	107669	12.1	156	1.31	772	0.72
242	/lustre/fs4/risc_lab/store/jyeung/references/motif_databases/HOCOMOCOv11_core_HUMAN_mono_meme_format.meme	STF1_HUMAN.H11MO.0.B		SYYCAAGGYCA	1.40e-10	9.49e-6	3.81e-3	67614	11893	11893	107669	40.8	79	0.66	297	0.28
243	/lustre/fs4/risc_lab/store/jyeung/references/motif_databases/HOCOMOCOv11_core_HUMAN_mono_meme_format.meme	RARG_HUMAN.H11MO.0.B		RGGTCASVRTGVCMTGRV	2.55e-10	1.63e-5	6.52e-3	63797	11893	11893	107669	11.6	365	3.07	2299	2.14
244	/lustre/fs4/risc_lab/store/jyeung/references/motif_databases/HOCOMOCOv11_core_HUMAN_mono_meme_format.meme	MXI1_HUMAN.H11MO.0.A		VCACGTGGSNGSBGS	4.19e-10	1.82e-5	7.28e-3	43392	11893	11893	107669	23.6	57	0.48	183	0.17
245	/lustre/fs4/risc_lab/store/jyeung/references/motif_databases/HOCOMOCOv11_core_HUMAN_mono_meme_format.meme	PBX2_HUMAN.H11MO.0.C		KRAWKTGATTGATKS	5.81e-10	2.03e-5	8.12e-3	34854	11893	11893	107669	61.5	45	0.38	124	0.12
246	/lustre/fs4/risc_lab/store/jyeung/references/motif_databases/HOCOMOCOv11_core_HUMAN_mono_meme_format.meme	USF1_HUMAN.H11MO.0.A		RGTCACGTGRBS	1.80e-9	2.37e-5	9.49e-3	13167	11893	11893	107669	117	34	0.29	78	0.07
247	/lustre/fs4/risc_lab/store/jyeung/references/motif_databases/HOCOMOCOv11_core_HUMAN_mono_meme_format.meme	INSM1_HUMAN.H11MO.0.C		TGTMAGGGGGCR	2.51e-9	3.53e-5	1.42e-2	14073	11893	11893	107669	20.1	271	2.28	1644	1.53
248	/lustre/fs4/risc_lab/store/jyeung/references/motif_databases/HOCOMOCOv11_core_HUMAN_mono_meme_format.meme	REL_HUMAN.H11MO.0.B		DRWRGGGRAATKCCA	6.42e-10	3.92e-5	1.57e-2	61165	11893	11893	107669	14.6	342	2.88	2146	1.99
249	/lustre/fs4/risc_lab/store/jyeung/references/motif_databases/HOCOMOCOv11_core_HUMAN_mono_meme_format.meme	MAFF_HUMAN.H11MO.0.B		TGCTGASTCAGCABTTTT	7.64e-10	4.34e-5	1.74e-2	56755	11893	11893	107669	14.7	331	2.78	2067	1.92
250	/lustre/fs4/risc_lab/store/jyeung/references/motif_databases/HOCOMOCOv11_core_HUMAN_mono_meme_format.meme	NKX28_HUMAN.H11MO.0.C		TTCAAGKRC	1.87e-9	6.83e-5	2.74e-2	36577	11893	11893	107669	14.7	74	0.62	288	0.27
251	/lustre/fs4/risc_lab/store/jyeung/references/motif_databases/HOCOMOCOv11_core_HUMAN_mono_meme_format.meme	ITF2_HUMAN.H11MO.0.C		DGCAGSTGKS	9.87e-10	9.52e-5	3.82e-2	96476	11893	11893	107669	21.3	113	0.95	522	0.48
252	/lustre/fs4/risc_lab/store/jyeung/references/motif_databases/HOCOMOCOv11_core_HUMAN_mono_meme_format.meme	USF2_HUMAN.H11MO.0.A		GGGTCACGTGRBSVSSSSB	8.69e-9	1.15e-4	4.62e-2	13254	11893	11893	107669	208	27	0.23	54	0.05
253	/lustre/fs4/risc_lab/store/jyeung/references/motif_databases/HOCOMOCOv11_core_HUMAN_mono_meme_format.meme	NDF1_HUMAN.H11MO.0.A		RRCAGATGGY	4.11e-9	2.14e-4	8.59e-2	52161	11893	11893	107669	7.08	1013	8.52	7581	7.04
254	/lustre/fs4/risc_lab/store/jyeung/references/motif_databases/HOCOMOCOv11_core_HUMAN_mono_meme_format.meme	KLF1_HUMAN.H11MO.0.A		DGGGYGKGGCYGGG	3.97e-9	2.60e-4	1.04e-1	65409	11893	11893	107669	462	17	0.14	17	0.02
255	/lustre/fs4/risc_lab/store/jyeung/references/motif_databases/HOCOMOCOv11_core_HUMAN_mono_meme_format.meme	ELF2_HUMAN.H11MO.0.C		RAVCCGGAAGTGR	9.74e-9	4.76e-4	1.91e-1	48892	11893	11893	107669	45	47	0.40	149	0.14
256	/lustre/fs4/risc_lab/store/jyeung/references/motif_databases/HOCOMOCOv11_core_HUMAN_mono_meme_format.meme	CREM_HUMAN.H11MO.0.C		CRVTGACGTCA	3.13e-8	5.08e-4	2.04e-1	16241	11893	11893	107669	6.55	321	2.70	2077	1.93
257	/lustre/fs4/risc_lab/store/jyeung/references/motif_databases/HOCOMOCOv11_core_HUMAN_mono_meme_format.meme	STAT1_HUMAN.H11MO.0.A		YCCVTTTCCHGGAAAWCHC	1.93e-8	5.42e-4	2.17e-1	28013	11893	11893	107669	5.69e+03	13	0.11	9	0.01
258	/lustre/fs4/risc_lab/store/jyeung/references/motif_databases/HOCOMOCOv11_core_HUMAN_mono_meme_format.meme	IRF9_HUMAN.H11MO.0.C		GAAAGCGAAAYT	4.18e-8	5.61e-4	2.25e-1	13400	11893	11893	107669	256	23	0.19	43	0.04
259	/lustre/fs4/risc_lab/store/jyeung/references/motif_databases/HOCOMOCOv11_core_HUMAN_mono_meme_format.meme	Z354A_HUMAN.H11MO.0.C		RTTTARWYCATTTACATTTAATGT	1.12e-8	6.92e-4	2.78e-1	61792	11893	11893	107669	88	246	2.07	1489	1.38
260	/lustre/fs4/risc_lab/store/jyeung/references/motif_databases/HOCOMOCOv11_core_HUMAN_mono_meme_format.meme	NR2E3_HUMAN.H11MO.0.C		AAAGTCAAAAGTCA	1.41e-8	7.90e-4	3.17e-1	55932	11893	11893	107669	494	14	0.12	11	0.01
261	/lustre/fs4/risc_lab/store/jyeung/references/motif_databases/HOCOMOCOv11_core_HUMAN_mono_meme_format.meme	SOX9_HUMAN.H11MO.0.B		AADGGNNBCWTTGTTY	3.89e-8	1.40e-3	5.63e-1	36148	11893	11893	107669	17.4	271	2.28	1702	1.58
262	/lustre/fs4/risc_lab/store/jyeung/references/motif_databases/HOCOMOCOv11_core_HUMAN_mono_meme_format.meme	ZBTB6_HUMAN.H11MO.0.C		GGWGMTGGAGCCD	3.21e-8	1.95e-3	7.82e-1	60868	11893	11893	107669	30.6	178	1.50	1013	0.94
263	/lustre/fs4/risc_lab/store/jyeung/references/motif_databases/HOCOMOCOv11_core_HUMAN_mono_meme_format.meme	ZN260_HUMAN.H11MO.0.C		TTTWTATGGCTGCATAGTATTCCA	9.68e-7	2.09e-3	8.39e-1	2165	11893	11893	107669	6.83e+08	6	0.05	0	0.00
264	/lustre/fs4/risc_lab/store/jyeung/references/motif_databases/HOCOMOCOv11_core_HUMAN_mono_meme_format.meme	KLF5_HUMAN.H11MO.0.A		WGGGTGKGGCDGGG	2.50e-8	2.11e-3	8.46e-1	84560	11893	11893	107669	152	82	0.69	359	0.33
265	/lustre/fs4/risc_lab/store/jyeung/references/motif_databases/HOCOMOCOv11_core_HUMAN_mono_meme_format.meme	STAT3_HUMAN.H11MO.0.A		SAYTTCCMRGAA	6.25e-8	2.75e-3	1.10e0	44131	11893	11893	107669	36.5	108	0.91	537	0.50
266	/lustre/fs4/risc_lab/store/jyeung/references/motif_databases/HOCOMOCOv11_core_HUMAN_mono_meme_format.meme	ZSC22_HUMAN.H11MO.0.C		RGKCWGAGGGMGGAGG	4.53e-8	3.61e-3	1.45e0	79912	11893	11893	107669	443	91	0.77	422	0.39
267	/lustre/fs4/risc_lab/store/jyeung/references/motif_databases/HOCOMOCOv11_core_HUMAN_mono_meme_format.meme	ZBT18_HUMAN.H11MO.0.C		KCCAGMTGTKB	5.36e-8	3.65e-3	1.47e0	68248	11893	11893	107669	5.81	1059	8.90	8083	7.51
268	/lustre/fs4/risc_lab/store/jyeung/references/motif_databases/HOCOMOCOv11_core_HUMAN_mono_meme_format.meme	SIX2_HUMAN.H11MO.0.A		KGAAAYHTGAKMC	9.62e-8	4.35e-3	1.74e0	45296	11893	11893	107669	137	7	0.06	0	0.00
269	/lustre/fs4/risc_lab/store/jyeung/references/motif_databases/HOCOMOCOv11_core_HUMAN_mono_meme_format.meme	ETV4_HUMAN.H11MO.0.B		VRCAGGAARBR	5.05e-8	5.16e-3	2.07e0	102365	11893	11893	107669	5.33	2342	19.69	19051	17.69
270	/lustre/fs4/risc_lab/store/jyeung/references/motif_databases/HOCOMOCOv11_core_HUMAN_mono_meme_format.meme	ZN770_HUMAN.H11MO.0.C		GGGAGGCYGAGGBRGGAGGATC	6.35e-8	5.42e-3	2.17e0	85619	11893	11893	107669	3.22e+05	604	5.08	4337	4.03
271	/lustre/fs4/risc_lab/store/jyeung/references/motif_databases/HOCOMOCOv11_core_HUMAN_mono_meme_format.meme	OZF_HUMAN.H11MO.0.C		TTTTCATGGCTGMATARTATTCCA	6.20e-6	7.22e-3	2.90e0	1170	11893	11893	107669	2.42e+09	6	0.05	1	0.00
272	/lustre/fs4/risc_lab/store/jyeung/references/motif_databases/HOCOMOCOv11_core_HUMAN_mono_meme_format.meme	HXB8_HUMAN.H11MO.0.C		TTGATTAATKV	6.59e-7	7.27e-3	2.91e0	11078	11893	11893	107669	126	26	0.22	66	0.06
273	/lustre/fs4/risc_lab/store/jyeung/references/motif_databases/HOCOMOCOv11_core_HUMAN_mono_meme_format.meme	ZN436_HUMAN.H11MO.0.C		TCMRGGARGGCTTCCTGGAGGAGG	1.35e-6	9.47e-3	3.80e0	7054	11893	11893	107669	2.73e+07	57	0.48	242	0.22
274	/lustre/fs4/risc_lab/store/jyeung/references/motif_databases/HOCOMOCOv11_core_HUMAN_mono_meme_format.meme	RXRB_HUMAN.H11MO.0.C		TSAGGTCASR	1.47e-7	1.09e-2	4.35e0	74132	11893	11893	107669	32.4	21	0.18	39	0.04
275	/lustre/fs4/risc_lab/store/jyeung/references/motif_databases/HOCOMOCOv11_core_HUMAN_mono_meme_format.meme	ZN257_HUMAN.H11MO.0.C		GMYCTTGCCTCW	3.06e-7	1.44e-2	5.76e0	47259	11893	11893	107669	22.5	271	2.28	1750	1.63
276	/lustre/fs4/risc_lab/store/jyeung/references/motif_databases/HOCOMOCOv11_core_HUMAN_mono_meme_format.meme	CEBPB_HUMAN.H11MO.0.A		DRTTRYGCAATM	5.97e-7	1.56e-2	6.24e0	26294	11893	11893	107669	26	66	0.55	290	0.27
277	/lustre/fs4/risc_lab/store/jyeung/references/motif_databases/HOCOMOCOv11_core_HUMAN_mono_meme_format.meme	NDF2_HUMAN.H11MO.0.B		RRCAGATGG	2.53e-7	1.70e-2	6.83e0	67993	11893	11893	107669	8.23	955	8.03	7289	6.77
278	/lustre/fs4/risc_lab/store/jyeung/references/motif_databases/HOCOMOCOv11_core_HUMAN_mono_meme_format.meme	NKX21_HUMAN.H11MO.0.A		BTKGAGTGSY	2.45e-7	1.98e-2	7.93e0	81469	11893	11893	107669	5.75	406	3.41	2796	2.60
279	/lustre/fs4/risc_lab/store/jyeung/references/motif_databases/HOCOMOCOv11_core_HUMAN_mono_meme_format.meme	ZNF76_HUMAN.H11MO.0.C		RRKGCMTKCTGGGARWTGTAGT	7.23e-7	2.26e-2	9.04e0	31557	11893	11893	107669	6.85e+03	62	0.52	267	0.25

# AME (Analysis of Motif Enrichment): Version 5.0.2 compiled on Nov  7 2018 at 21:05:59
# The format of this file is described at http://meme-suite.org/doc/ame-output-format.html.
# ame --verbose 1 --oc /lustre/fs4/risc_lab/scratch/iduba/linker-histone/multi-results/ATACxRNA/newRNA/MEME-AME-out/up-peaks-up-genes --scoring avg --method fisher --hit-lo-fraction 0.25 --evalue-report-threshold 10.0 --control rep-nochange-peaks-50kb-upgenes.fa --kmer 2 rep-up-peaks-50kb-upgenes.fa /lustre/fs4/risc_lab/store/jyeung/references/motif_databases/HOCOMOCOv11_core_HUMAN_mono_meme_format.meme
